{
    "R2_Score": 0.8850314618661286,
    "Mean_Squared_Error": 7051746021.6597,
    "Root_Mean_Squared_Error": 83974.67488272699,
    "Mean_Absolute_Error": 56466.541326209015
}